Production Center,Expt'l Set,Stud Source,Dam Source,Category,Sample Name,Target,Sex,#gRNAs,gRNA1,Location1,Strand1,MIT_Score1,CFD_Score1,Total_Off-targets1,Off-target_Profile1,Off-target_Profile_Seed1,gRNA2,Location2,Strand2,MIT_Score2,CFD_Score2,Total_Off-targets2,Off-target_Profile2,Off-target_Profile_Seed2,gRNA3,Location3,Strand3,MIT_Score3,CFD_Score3,Total_Off-targets3,Off-target_Profile3,Off-target_Profile_Seed3,gRNA4,Location4,Strand4,MIT_Score4,CFD_Score4,Total_Off-targets4,Off-target_Profile4,Off-target_Profile_Seed4
,,,,"Control, Stud male",,2410089E03Rik,M,,GAAAGATAAAGAAGCTGTCG,chr15:8176306-8176328,+,67,70,601,0-0-3-29-569,0-0-0-0-1,,,,,,,,,,,,,,,,,,,,,,,,
Baylor,,,,"Control, Stud male",,2410089E03Rik,M,,CTGCTTCTTCGGGCACAATC,chr15:8176267-8176289,-,87,89,164,0-0-0-7-157,0-0-0-0-0,,,,,,,,,,,,,,,,,,,,,,,,
Baylor,,,,"Control, Stud male",,A430105I19Rik,M,,AAGCCGAGTCCACAATGCGC,chr2:118761726-118761748,-,94,97,64,0-0-0-3-61,0-0-0-0-0,,,,,,,,,,,,,,,,,,,,,,,,
Baylor,,,,"Control, Stud male",,A430105I19Rik,M,,TGCGCAAGGCAACTATCCTA,chr2:118761677-118761699,+,68,81,534,0-0-1-24-509,0-0-0-0-0,,,,,,,,,,,,,,,,,,,,,,,,
Baylor,,,,"Control, Stud male",,Abca7,M,,GCGAGAAACCATGCGTGCGA,chr10:80002615-80002637,+,97,97,58,0-0-0-0-58,0-0-0-0-1,,,,,,,,,,,,,,,,,,,,,,,,
Baylor,,,,"Control, Stud male",,Abca7,M,,GGCTGAGCCGCGCGGTGCTC,chr10:80002638-80002660,+,88,93,119,0-0-0-11-108,0-0-0-0-0,,,,,,,,,,,,,,,,,,,,,,,,
Baylor,,,,Cas9,,Adnp2,M,4g,GAGCTACACAGTGAACATTC,chr18:80130766-80130788,-,65,81,410,0-0-1-33-376,0-0-0-3-6,,,,,,,,,,,,,,,,,,,,,,,,
Baylor,,,,Cas9,,Adnp2,M,4g,GGACTTTGCGTGCAGGCGCG,chr18:80130790-80130812,+,93,96,54,0-0-0-3-51,0-0-0-0-2,,,,,,,,,,,,,,,,,,,,,,,,
Baylor,,,,Cas9,,Adnp2,M,4g,CTACTTTGGTTTGCGAACTG,chr18:80130616-80130638,-,91,92,164,0-0-0-17-147,0-0-0-0-0,,,,,,,,,,,,,,,,,,,,,,,,
Baylor,,,,Cas9,,Adnp2,M,4g,CAGCATGAAGAAGCACGTGC,chr18:80130667-80130689,-,74,80,413,0-0-0-31-382,0-0-0-0-2,,,,,,,,,,,,,,,,,,,,,,,,
Baylor,,,,Cas9,,Adnp2,M,4g,CATGCTGTAGTACAGAGTGT,chr18:80130683-80130705,+,63,79,515,0-0-1-37-477,0-0-1-0-4,,,,,,,,,,,,,,,,,,,,,,,,
Baylor,,,,Cas9,,Adnp2,M,4g,CTACTTTGGTTTGCGAACTG,chr18:80130616-80130638,-,91,92,164,0-0-0-17-147,0-0-0-0-0,,,,,,,,,,,,,,,,,,,,,,,,
Baylor,,,,Cas9,,Alad,M,4g,TCCCGTGCCTGGGCAAGCCC,chr4:62513709-62513731,+,75,87,226,0-0-1-12-213,0-0-0-1-3,,,,,,,,,,,,,,,,,,,,,,,,
Baylor,,,,Cas9,,Alad,M,2g,GGGCTATGGATTGATGGCTG,chr4:62513599-62513621,+,66,80,339,0-0-2-21-316,0-0-0-3-5,,,,,,,,,,,,,,,,,,,,,,,,
Baylor,,,,Cas9,,Alad,M,4g,AATGTGATCCGGTGCTGAGA,chr4:62512715-62512737,-,67,76,323,0-0-0-19-304,0-0-0-0-0,,,,,,,,,,,,,,,,,,,,,,,,
Baylor,,,,Cas9,,Alad,F,4g,TGCCTGAATTGGGGAGTTCG,chr4:62512653-62512675,-,73,87,202,0-0-0-17-185,0-0-0-0-0,,,,,,,,,,,,,,,,,,,,,,,,
Baylor,,,,Cas9,,Ano6,M,4g,GGATCGGGTCTGTCCCGTTG,chr15:95948358-95948380,-,93,96,51,0-0-0-4-47,0-0-0-1-0,,,,,,,,,,,,,,,,,,,,,,,,
Baylor,,,,Cas9,,Ap2s1,M,4g,GATCGAGGAGGTGCACGCCG,chr7:16743308-16743330,+,94,97,63,0-0-0-5-58,0-0-0-0-0,,,,,,,,,,,,,,,,,,,,,,,,
Baylor,,,,Cas9,,Ap2s1,M,2g,GCAAGACGCGCCTGGCCAAG,chr7:16743250-16743272,+,85,90,134,0-0-1-6-127,0-0-0-0-0,,,,,,,,,,,,,,,,,,,,,,,,
Baylor,,,,Cas9,,Ap2s1,F,4g,GCAAGACGCGCCTGGCCAAG,chr7:16743250-16743272,+,85,90,134,0-0-1-6-127,0-0-0-0-0,,,,,,,,,,,,,,,,,,,,,,,,
JAX,,,,"Control, Stud male",,Ap2s1,M,,GATCGAGGAGGTGCACGCCG,chr7:16743308-16743330,+,94,97,63,0-0-0-5-58,0-0-0-0-0,,,,,,,,,,,,,,,,,,,,,,,,
JAX,,,,"Control, Stud male",,Arid1b,M,,TGATGGAGGATCCTTACTAC,chr17:5243402-5243424,-,84,94,156,0-0-0-7-149,0-0-0-0-2,,,,,,,,,,,,,,,,,,,,,,,,
JAX,,,,"Control, Stud male",,Arid1b,M,,ACACTAAAGGGGTTGCTTTC,chr17:5243361-5243383,-,69,84,293,0-0-1-22-270,0-0-0-1-3,,,,,,,,,,,,,,,,,,,,,,,,
JAX,,,,"Control, Stud male",,Arid1b,M,,CTTGTAATCCCCCTGTAGTA,chr17:5243391-5243413,+,73,75,311,0-1-0-23-287,0-0-0-0-3,,,,,,,,,,,,,,,,,,,,,,,,
JAX,,,,"Control, Stud male",,Arid1b,M,,GCCTATGTAAGTGCTGTATC,chr17:5242523-5242545,-,84,91,178,0-0-1-9-168,0-0-0-0-6,,,,,,,,,,,,,,,,,,,,,,,,
JAX,,,,Cas9,,Arid1b,,4g,CTGCTTAGCAAGTTACCACT,chr17:5242493-5242515,-,80,87,255,0-0-1-16-238,0-0-0-1-6,,,,,,,,,,,,,,,,,,,,,,,,
JAX,,,,Cas9,,Arid1b,,4g,GCCTGATACAGCACTTACAT,chr17:5242522-5242544,+,78,88,319,0-0-0-14-305,0-0-0-1-3,,,,,,,,,,,,,,,,,,,,,,,,
JAX,,,,Cas9,,Arid1b,,4g,AGATCGGACCAGACCTCGAT,chr17:5243031-5243053,-,92,97,46,0-0-0-4-42,0-0-0-0-2,,,,,,,,,,,,,,,,,,,,,,,,
JAX,,,,Cas9,,Aspg,,4g,TAGGCGGGACTGTGGCACCC,chr12:112112801-112112823,-,78,87,165,0-0-0-7-158,0-0-0-1-8,,,,,,,,,,,,,,,,,,,,,,,,
JAX,,,,Cas9,,Aspg,,4g,CGATCTCCAACTAGGATGTG,chr12:112112894-112112916,-,82,91,111,0-0-0-6-105,0-0-0-0-3,,,,,,,,,,,,,,,,,,,,,,,,
JAX,,,,Cas9,,Aspg,,4g,GCCCAAACCATAGAGGTAGA,chr12:112113078-112113100,+,71,82,306,0-0-1-24-281,0-0-0-2-9,,,,,,,,,,,,,,,,,,,,,,,,
JAX,,,,Cas9,,Aspg,,4g,CTGGGCAAGTGAGTAACTAT,chr12:112113277-112113299,+,83,90,260,0-0-0-14-246,0-0-0-0-1,,,,,,,,,,,,,,,,,,,,,,,,
JAX,,,,Cas9,,Atl3,,4g,TGGAAAACCTGGTCCAGTGC,chr19:7509364-7509386,+,66,80,388,0-0-0-27-361,0-0-0-2-5,,,,,,,,,,,,,,,,,,,,,,,,
JAX,,,,Cas9,,Atl3,,4g,GATCTCGGATATGGTCTTGG,chr19:7509451-7509473,-,86,90,122,0-0-0-8-114,0-0-0-0-4,,,,,,,,,,,,,,,,,,,,,,,,
JAX,,,,Cas9,,Atp2c2,,4g,CCTGGTCACCTATAACTGTC,chr8:119729376-119729398,-,81,87,218,0-0-2-13-203,0-0-0-2-3,,,,,,,,,,,,,,,,,,,,,,,,
TCP,1.0,TCP,CRL,"Control, no EP",B6NC 282-10,Atp2c2,F,,AGGCAGTAGCCTCGTTTCTC,chr8:119729571-119729593,+,84,90,202,0-0-1-13-188,0-0-0-1-2,,,,,,,,,,,,,,,,,,,,,,,,
TCP,2.0,TCP,CRL,"Control, no EP",C7268237-04,Atp2c2,F,,AGTAGTTTGTCCTGACGAGC,chr8:119730310-119730332,+,90,91,146,0-0-0-8-138,0-0-0-0-3,,,,,,,,,,,,,,,,,,,,,,,,
TCP,4.0,TCP,CRL,"Control, no EP",B6NC 218-05,Atp2c2,F,,GTTGACCATGGGTAACAATC,chr8:119730421-119730443,-,86,94,152,0-1-0-9-142,0-0-0-0-1,,,,,,,,,,,,,,,,,,,,,,,,
TCP,1.0,TCP,CRL,"Control, no EP",C7242282-01,B3galt6,M,,TGTACTCCGTGTCGAAGCGT,chr4:155991830-155991852,+,98,99,21,0-0-0-1-20,0-0-0-0-0,,,,,,,,,,,,,,,,,,,,,,,,
TCP,2.0,TCP,CRL,"Control, no EP",C7268237-01,B3galt6,M,,AGGCTGCAACAATCAGTATC,chr4:155991800-155991822,-,83,93,171,0-0-1-10-160,0-0-0-1-2,,,,,,,,,,,,,,,,,,,,,,,,
TCP,4.0,TCP,CRL,"Control, no EP",B6NC 218-01,B3galt6,M,,AGCCGCTCGGCCCCGCGCTA,chr4:155992466-155992488,-,94,98,40,0-0-0-2-38,0-0-0-0-1,,,,,,,,,,,,,,,,,,,,,,,,
TCP,1.0,TCP,CRL,"Control, no gRNA",C7242572-10,B3galt6,F,,AGCGGAGGGCGTCTCGCCCT,chr4:155992494-155992516,+,93,98,53,0-0-0-4-49,0-0-0-0-0,,,,,,,,,,,,,,,,,,,,,,,,
TCP,2.0,TCP,CRL,"Control, no gRNA",C7268523-06,Baz2a,F,,AGCACACAAGCTTGATAAAC,chr10:128115882-128115904,-,71,78,554,0-0-0-27-527,0-0-0-0-0,,,,,,,,,,,,,,,,,,,,,,,,
TCP,4.0,TCP,CRL,"Control, no gRNA",B6NC 256-06,Baz2a,F,,GTGTAGGACTGTCTGCATGC,chr10:128115928-128115950,+,57,82,454,0-0-2-36-416,0-0-0-3-9,,,,,,,,,,,,,,,,,,,,,,,,
TCP,1.0,TCP,CRL,"Control, no gRNA",C7242572-01,Baz2a,M,,GTTCTACTCATGCCTTCCAA,chr10:128116867-128116889,-,69,79,319,0-0-0-31-288,0-0-0-1-2,,,,,,,,,,,,,,,,,,,,,,,,
TCP,2.0,TCP,CRL,"Control, no gRNA",C7268523-02,Baz2a,M,,ATAGTAATGGCCAAACGAGA,chr10:128116996-128117018,+,85,89,215,0-0-1-13-201,0-0-0-0-0,,,,,,,,,,,,,,,,,,,,,,,,
TCP,4.0,TCP,CRL,"Control, no gRNA",B6NC 256-04,BC030867,M,,AGGACTATCACCATCGGGCT,chr11:102254778-102254800,-,91,96,111,0-0-0-7-104,0-0-0-0-1,,,,,,,,,,,,,,,,,,,,,,,,
TCP,1.0,TCP,CRL,Cas9,ADKK 8044,BC030867,F,4g,GCCGTGCTCAAGTCGCTCTG,chr11:102254853-102254875,-,91,95,95,0-0-0-4-91,0-0-0-0-2,,,,,,,,,,,,,,,,,,,,,,,,
TCP,3.0,TCP,CRL,Cas9,ADKS 8396,BC030867,M,2g,CTTGATCATCACCGCCATAT,chr11:102259868-102259890,-,94,96,93,0-0-0-4-89,0-0-0-1-1,,,,,,,,,,,,,,,,,,,,,,,,
TCP,1.0,TCP,CRL,Cas9,ADKK 8027,BC030867,M,4g,GTGGTGTTTAAGGACCCCAC,chr11:102259921-102259943,+,82,88,180,0-0-0-11-169,0-0-0-0-1,,,,,,,,,,,,,,,,,,,,,,,,
TCP,1.0,TCP,CRL,Cas9,ADKL 8052,Bcas1,M,4g,CCGGCCCAGGACAAGGATTT,chr2:170406425-170406447,-,79,90,187,0-0-0-9-178,0-0-0-0-3,,,,,,,,,,,,,,,,,,,,,,,,
TCP,1.0,TCP,CRL,Cas9,ADKL 8056,Bcas1,F,3g,GGTGCCAATGGGCCGGTGGC,chr2:170406476-170406498,+,89,92,130,0-0-0-6-124,0-0-0-0-2,,,,,,,,,,,,,,,,,,,,,,,,
TCP,4.0,TCP,CRL,Cas9,ADMP 8628,Bckdha,M,4g,TAGCACCCAGGCTCTAGCAG,chr7:25638433-25638455,-,69,81,394,0-0-0-27-367,0-0-0-3-4,,,,,,,,,,,,,,,,,,,,,,,,
TCP,2.0,TCP,CRL,Cas9,ADKP 8273,Bckdha,F,3g,CCTTAACAAGCCTAGGCCTC,chr7:25638286-25638308,-,76,89,248,0-0-1-15-232,0-0-1-0-5,,,,,,,,,,,,,,,,,,,,,,,,
TCP,4.0,TCP,CRL,Cas9,ADMN 8602,Bckdha,F,4g,ACATACCTGCCTCCCGGTAC,chr7:25638156-25638178,+,89,94,181,0-0-0-10-171,0-0-0-0-0,,,,,,,,,,,,,,,,,,,,,,,,
TCP,4.0,TCP,CRL,Cas9,ADMO 8621,Bckdha,M,4g,TGCCACCTCACACTGCGTGG,chr7:25638003-25638025,+,83,89,217,0-0-2-13-202,0-0-0-2-1,,,,,,,,,,,,,,,,,,,,,,,,
TCP,4.0,TCP,CRL,Cas9,ADMN 8603,Brcc3,F,4g,TTTCAGAGTAGGGACACTCT,chrX:75435714-75435736,+,69,82,369,0-0-1-33-335,0-0-0-1-4,,,,,,,,,,,,,,,,,,,,,,,,
