Production Center,Expt'l Set,Stud Source,Dam Source,Category,Sample Name,Target,Sex,#gRNAs,gRNA1,Location,MIT Score,CFD Score,Off-target profile,gRNA2,Location,MIT Score,CFD Score,Off-target profile,gRNA3,Location,MIT Score,CFD Score,Off-target profile,gRNA4,Location,MIT Score,CFD Score,Off-target profile
Baylor,,,,"Control, Stud male",,n/a,M,n/a,,,,,,,,,,,,,,,,,,,,
Baylor,,,,"Control, Stud male",,n/a,M,n/a,,,,,,,,,,,,,,,,,,,,
Baylor,,,,"Control, Stud male",,n/a,M,n/a,,,,,,,,,,,,,,,,,,,,
Baylor,,,,"Control, Stud male",,n/a,M,n/a,,,,,,,,,,,,,,,,,,,,
Baylor,,,,"Control, Stud male",,n/a,M,n/a,,,,,,,,,,,,,,,,,,,,
Baylor,,,,"Control, Stud male",,n/a,M,n/a,,,,,,,,,,,,,,,,,,,,
Baylor,,,,Cas9,,Akr1b3,M,4g,ATGGGAATCCTCGTCATGATTGG,,,,,TCGTCATGATTGGAGCTGTGAGG,,,,,GGTGGCCAGGCTCCGAAGCGGGG,,,,,CCTAGGAACATCAACCTCCCAGG,,,,
Baylor,,,,Cas9,,Chac1,M,4g,CCATTGTGGACGCCGTAGGAACC,,,,,CCCTGCTACCCTGCTCTTACCTA,,,,,CCCTGCACCATCATCCGCGCAGC,,,,,ATCATCCGCGCAGCCTTCCTGGG,,,,
Baylor,,,,Cas9,,Dmxl1,M,4g,CCCCCTAGTTGTAATATGTGTAT,,,,,CCTGGTTATTCTCCAGATGATCC,,,,,ATTAAAAAATACATGTCGTAGGG,,,,,CAGGAATTCTCTCTTAAAAGTGG,,,,
Baylor,,,,Cas9,,Dnajc12,M,4g,CCAGAGCAAGAGTTTAGAAGGAG,,,,,CCACCCCAGGGCACGTGTGAAAC,,,,,CCGCTTGTTGTAGCATATTACAC,,,,,GAGGGCAGCTTGCAAGAGCCAGG,,,,
Baylor,,,,Cas9,,Fam192a,M,4g,CCTCATACAGAAGGGGGCAGGCG,,,,,CTGGCTAATCCTGAAAAACATGG,,,,,CCGCTACTGACTGTGAGAATTTA,,,,,ATTAATGTCACGTTACTAACTGG,,,,
Baylor,,,,Cas9,,Focad,M,4g,ATCATGAGTGACCTGAAGCCTGG,,,,,CCATAGGTCAGTGGTCCTTGTGT,,,,,TAGTAATCATAAAGATCTTCAGG,,,,,GTGAATCTTTAGTAGTTAATGGG,,,,
Baylor,,,,Cas9,,Fsd1l,M,4g,TGACATCTGTCTAGGCTTATAGG,,,,,TAGAGAAAAAATAGTTGGATAGG,,,,,AACTACAACCAAAGATTGAGAGG,,,,,CCTGAAAGATGGCTGCACTAAAT,,,,
Baylor,,,,Cas9,,Nat8,M,2g,CCACGACCTGTTTGTAGTCCCTC,,,,,CCATGTGAGTATGTCCACGAAGG,,,,,,,,,,,,,,
Baylor,,,,Cas9,,Plxnb1,M,4g,GGAATCCTCAGCTCAGCCCTTGG,,,,,GGAAATGGTTGCAACAGGCCTGG,,,,,CTCCACAAGCAGGGGAAACGGGG,,,,,AGTTACGGTGAGCAGTCTGAAGG,,,,
Baylor,,,,Cas9,,Pomp,F,4g,TGTCAGATAACCCGGATTTGGGG,,,,,CCTCTGTAGCACATGACCCTTGT,,,,,CCTGGTGTCAGATAACCCGGATT,,,,,GCATAGGAAAAGTTGTTAGGTGG,,,,
Baylor,,,,Cas9,,Prex2,M,4g,CTTTACCTGCTGGGTAATCATGG,,,,,CCAATGACTCAGTATCTCTTGTG,,,,,GACTTGCAGATAAGGTACAGTGG,,,,,TTGCATACAAAAAGTCAGGCAGG,,,,
Baylor,,,,Cas9,,Psma5,M,4g,CCTCGGGACTTAGGACTTAGCTC,,,,,ACGTGTCTTCCGGGAACTGATGG,,,,,ACTCAGTGAGGATGTGATGAAGG,,,,,GACATGGCTCTTGAGAGTTTTGG,,,,
Baylor,,,,Cas9,,Pyroxd2,M,2g,AATCAAGCTATGGGATACCGAGG,,,,,ATTGGATTCAGCATCTCACGGGG,,,,,,,,,,,,,,
Baylor,,,,Cas9,,Slf1,F,4g,AGTGGGCTTGATACACAAATAGG,,,,,CCATAATACTAAGTAGTACTACG,,,,,TGATCATTAATTACAAGAGTGGG,,,,,CCTTCAATATCACTGAACATTGT,,,,
JAX,,,,"Control, Stud male",,n/a,M,n/a,,,,,,,,,,,,,,,,,,,,
JAX,,,,"Control, Stud male",,n/a,M,n/a,,,,,,,,,,,,,,,,,,,,
JAX,,,,"Control, Stud male",,n/a,M,n/a,,,,,,,,,,,,,,,,,,,,
JAX,,,,"Control, Stud male",,n/a,M,n/a,,,,,,,,,,,,,,,,,,,,
JAX,,,,"Control, Stud male",,n/a,M,n/a,,,,,,,,,,,,,,,,,,,,
JAX,,,,Cas9,,Nt5dc2,,4g,TGGTCAGTGTCCTAGTTGAG,chr14:31136489-31136511,,,,ATACTTAGTCAAGGGCCCCT,chr14:31136448-31136470,,,,GGCTAGAGCCAACGGCACCA,chr14:31136753-31136775,,,,GGTCGGCCCTGGACTGTGCA,chr14:31136696-31136718,,,
JAX,,,,Cas9,,Hspb6,,4g,GGACAGTCTACACAAGTCCT,chr7:30554141-30554163,,,,ACTTGGTTACCACAAAGAGG,chr7:30554055-30554077,,,,GGATTTAGCAACTGCTACAG,chr7:30555626-30555648,,,,CAACTGCTACAGAGGACACT,chr7:30555634-30555656,,,
JAX,,,,Cas9,,Dusp22,,4g,ATCCTGCTCCTAAGTGCAGG,chr13:30668592-30668614,,,,CATGTTTGCCAAGGCCGTGA,chr13:30668516-30668538,,,,CACTCAAACCCCAAGTCACA,chr13:30669046-30669068,,,,CCCTGGCAATACCTTTTTGA,chr13:30669079-30669101,,,
JAX,,,,Cas9,,Polr1d,,4g,ATTTGACTCCAGCAAAGAGG,chr5:147078375-147078397,,,,GCCCTGCTGCAAGATGAAAA,chr5:147078248-147078270,,,,AGATAATTGGGCCAAGGTAG,chr5:147079176-147079198,,,,TAGTGTTGGTTCAATTAAGA,chr5:147079140-147079162,,,
JAX,,,,Cas9,,Ptprk,,4g,CTAAGAACATTGATAAGCCA,chr10:28263452-28263474,,,,TCTTGACTGATATTTTTCTA,chr10:28263326-28263348,,,,ACAAACCAGAAAAATCTCAG,chr10:28263778-28263800,,,,TTCCCAACTCCTTCTTGAGG,chr10:28263877-28263899,,,
JAX,,,,Cas9,,Dgkb,,4g,GTTAGATGTTTCTATCTCCA,chr12:38100133-38100155,,,,AAGATGAAGCCAAGGCTTAG,chr12:38100231-38100253,,,,ATGTCTCTAGCAAAATAAGT,chr12:38100666-38100688,,,,GGATACTGGATACTCTATAA,chr12:38100628-38100650,,,
JAX,,,,Cas9,,Lpgat1,,4g,CAACTTAGATGTTTACCAAC,chr1:191749255-191749277,,,,ATTTTTCTAAGTTTGAAACT,chr1:191749412-191749434,,,,CCTCGGGAGGATATCCTGCA,chr1:191749675-191749697,,,,GTCTTAAAATTCCCTTCCTG,chr1:191749773-191749795,,,
JAX,,,,Cas9,,Rasgef1a,,4g,AGGCGACTAGGCTTACAGCA,chr6:118088875-118088897,,,,CTGCTGCTCTTAGTCCCAGA,chr6:118088996-118089018,,,,TGACAGATCTGGTCCTCCCT,chr6:118089677-118089699,,,,TGCCTGCTCAGAGGAGCCTG,chr6:118089770-118089792,,,
JAX,,,,Cas9,,Dusp15,,4g,CCTGTTGGTGAGCCTTGGGA,chr2:152950382-152950404,,,,ACCAAGGTTGACCTTCGTGT,chr2:152950352-152950374,,,,ACCAATAGAGAAGAGCTGCG,chr2:152950720-152950742,,,,GTCTCAGGTAGAGATCAGGG,chr2:152950905-152950927,,,
JAX,,,,Cas9,,Tmem171,,4g,CATCAAAGCTCACAGAGCAG,chr13:98688060-98688082,,,,GCTGAGTGTGAGCAGCGAGG,chr13:98688208-98688230,,,,GAAACACCCTTGAGTGCGCG,chr13:98688566-98688588,,,,ACTTGACATGGAACTGTCGC,chr13:98688602-98688624,,,
TCP,1,TCP,CRL,"Control, no EP",B6NC 282-10,n/a,F,n/a,,,,,,,,,,,,,,,,,,,,
TCP,2,TCP,CRL,"Control, no EP",C7268237-04,n/a,F,n/a,,,,,,,,,,,,,,,,,,,,
TCP,4,TCP,CRL,"Control, no EP",B6NC 218-05,n/a,F,n/a,,,,,,,,,,,,,,,,,,,,
TCP,1,TCP,CRL,"Control, no EP",C7242282-01,n/a,M,n/a,,,,,,,,,,,,,,,,,,,,
TCP,2,TCP,CRL,"Control, no EP",C7268237-01,n/a,M,n/a,,,,,,,,,,,,,,,,,,,,
TCP,4,TCP,CRL,"Control, no EP",B6NC 218-01,n/a,M,n/a,,,,,,,,,,,,,,,,,,,,
TCP,1,TCP,CRL,"Control, no gRNA",C7242572-10,n/a,F,n/a,,,,,,,,,,,,,,,,,,,,
TCP,2,TCP,CRL,"Control, no gRNA",C7268523-06,n/a,F,n/a,,,,,,,,,,,,,,,,,,,,
TCP,4,TCP,CRL,"Control, no gRNA",B6NC 256-06,n/a,F,n/a,,,,,,,,,,,,,,,,,,,,
TCP,1,TCP,CRL,"Control, no gRNA",C7242572-01,n/a,M,n/a,,,,,,,,,,,,,,,,,,,,
TCP,2,TCP,CRL,"Control, no gRNA",C7268523-02,n/a,M,n/a,,,,,,,,,,,,,,,,,,,,
TCP,4,TCP,CRL,"Control, no gRNA",B6NC 256-04,n/a,M,n/a,,,,,,,,,,,,,,,,,,,,
TCP,1,TCP,CRL,Cas9,ADKK 8044,Aimp1,F,4g,GACCTTAGTACTTGTTTAAA,Chr3:132674292-132674311 (-1),,,,CACCCATGTTAAACTAAAAG,,,,,CATGCGCAGATCCCGTTAAG,,,,,TAGTTAGGGAGCGCGAGTGA,,,,
TCP,3,TCP,CRL,Cas9,ADKS 8396,Fer,M,2g,GTACCAGTCATGCTCCGCCA,,,,,CTGTATATTCTGACGGACAA,,,,,,,,,,,,,,
TCP,1,TCP,CRL,Cas9,ADKK 8027,Foxr1,M,4g,GGCCAAGCCCGGGTAGTATG,,,,,TCCACTGTTACCCCATGATC,,,,,CCGCAAGCCATCAGCCCAGA,,,,,TGAGTGCCAAGGCAATCAGA,,,,
TCP,1,TCP,CRL,Cas9,ADKL 8052,Gars,M,4g,GCTCCCTCTACTCACTGAAA,,,,,GTAACGCTCTTTGGCGCAGA,,,,,GGTTAGCTATTAACTTGTAA,,,,,ATATACCTGCTGCTCACAGG,,,,
TCP,1,TCP,CRL,Cas9,ADKL 8056,Mettl14,F,3g,TCTGTCAGCTAAACCTAAGG,,,,,ATAAGCGTGTACTCTCTGGG,,,,,GATTAGTGAGATCATCTGAT,,,,,,,,,
TCP,4,TCP,CRL,Cas9,ADMP 8628,Mink1,M,4g,CTTGCTCCAGGAGTCCGGGT,,,,,CCTGATTGTTGCCTTGGACC,,,,,AGGTACTACGGATCCTTCTG,,,,,CCAACTGCATGTTCGTGAAG,,,,
TCP,2,TCP,CRL,Cas9,ADKP 8273,Pcm1,F,3g,CTGTCAGGTATTAGTATTGT,,,,,AGTGTAGCAACCTGCAAGCC,,,,,GTCTGTACGGTATGATAGCC,,,,,,,,,
TCP,4,TCP,CRL,Cas9,ADMN 8602,Phrf1,F,4g,GCCTGAGGACCCCATAACAT,,,,,ACATTCCATGTGGTACCTAT,,,,,CCTGCCATATGACCATGCTA,,,,,AGCGTAGGTGAGTCTATTGA,,,,
TCP,4,TCP,CRL,Cas9,ADMO 8621,Ptp4a2,M,4g,CACTTAAGTAAGTACCTGGT,,,,,TTAGCTAACATTGTCTGCCC,,,,,GCCAACTCAAATTTTTACCT,,,,,AGCTCTAATAAGAGCCCTTT,,,,
TCP,4,TCP,CRL,Cas9,ADMN 8603,Shisa6,F,4g,ACAAGAGGTTACTATCAATC,,,,,GGGTGCTTTGGGGGCATATA,,,,,GCAGTGGTGGATATCCTGAT,,,,,GACCTTGTCCGTCCCAGAGC,,,,
TCP,2,TCP,CRL,Cas9,ADKQ 8292,Tagln2,M,4g,GAAGATCCAGGCCTCTTCGA,,,,,GCGCTATGGCATTAACACCA,,,,,TGGTTGTCCGAGAAGTTCCG,,,,,GCATCTCAGGCCGGCATGAC,,,,
TCP,3,TCP,CRL,Cas9,ADKS 8390,Wdr60,M,3g,TGATGAAGTCAAGTATACAC,,,,,GCATGGGGACACTTGTAACT,,,,,AATTCGAGGACATTACCAAA,,,,,,,,,
TCP,3,TCP,CRL,Cas9,ADKT 8417,Zfp804a,M,2g,CACTATTGCCAAAGCTCTGG,,,,,ATATGACCACGCCCACAAAC,,,,,,,,,,,,,,
UCD,,CRL-UCD,CRL-UCD,"Control, Stud male",MBP52,,M,n/a,,,,,,,,,,,,,,,,,,,,
UCD,,CRL-UCD,CRL-UCD,"Control, Stud male",MBP55,,M,n/a,,,,,,,,,,,,,,,,,,,,
UCD,,CRL-UCD,CRL-UCD,"Control, Stud male",MBP56,,M,n/a,,,,,,,,,,,,,,,,,,,,
UCD,,CRL-UCD,CRL-UCD,"Control, Stud male",MBP58,,M,n/a,,,,,,,,,,,,,,,,,,,,
UCD,,CRL-UCD,CRL-UCD,"Control, Stud male",MBP60,,M,n/a,,,,,,,,,,,,,,,,,,,,
UCD,Group 7,CRL-UCD,CRL-UCD,Cas9,MBP10164-14,1500009L16Rik,M,2g,GGAAGGCATGCTTACGAAGT,,,,,GTTAGCAACAGCGGTCGTAG,,,,,,,,,,,,,,
UCD,Group 9,CRL-UCD,CRL-UCD,Cas9,MBP10171-12,Armcx1,M,2g,TTTACACCTGGACCATTCTC,,,,,CATTGCGCTTGTGTAGCAAA,,,,,,,,,,,,,,
UCD,Group 8,CRL-UCD,CRL-UCD,Cas9,MBP10167-4,Bloc1s6,M,2g,CTAAGCTTTCGCTAAAACAT,,,,,TCATACTCCATGAGATTACC,,,,,,,,,,,,,,
UCD,Group 9,CRL-UCD,CRL-UCD,Cas9,MBP10172-8,Btc,M,2g,ATCGTTGGCACGTGAGAAAT,,,,,TCCACAAGTAGATGCTGAGC,,,,,,,,,,,,,,
UCD,Group 9,CRL-UCD,CRL-UCD,Cas9,MBP10173-2,Cad,M,2g,TCCTGTTCTCTGGACACGAT,,,,,TTTAGGGCAAGACCACTTCA,,,,,,,,,,,,,,
UCD,Group 1,CRL-UCD,CRL-UCD,Cas9,MBP10099-2,Irf3,M,2g,ATAGTGGGAAAGTATGAGAA,,,,,CACATGGCATCCCAACCATA,,,,,,,,,,,,,,
UCD,Group 1,CRL-UCD,CRL-UCD,Cas9,MBP10098-11,Krt75,M,2g,GTAGAGCTTAAGCTACCTAA,,,,,GCTCAGCTCTTCCGAGTTCG,,,,,,,,,,,,,,
UCD,Group 2,CRL-UCD,CRL-UCD,Cas9,MBP10102-7,Nmnat2,M,2g,CAAGGAGCTTAACCCGGTGG,,,,,AGGCTAACTGAGCTTACCCT,,,,,,,,,,,,,,
UCD,Group 4,CRL-UCD,CRL-UCD,Cas9,MBP10136-9,Olfr1006,M,2g,TATGCAGTCTAGAATCAATT,,,,,TTTTAGACTCCTAAGATTCT,,,,,,,,,,,,,,
UCD,Group 2,CRL-UCD,CRL-UCD,Cas9,MBP10140-10,Polrmt,M,2g,GTCGGAGCCCTTAAGGCTGG,,,,,CCGATTGGAATATCCAGGCA,,,,,,,,,,,,,,
UCD,Group 1,CRL-UCD,CRL-UCD,Cas9,MBP10097-9,Ptgis,M,2g,AGGGGACGGATGGCTTCTGA,,,,,CACTTATACCTATCCAGGGG,,,,,,,,,,,,,,
UCD,Group 3,CRL-UCD,CRL-UCD,Cas9,MBP10105-6,Rnpepl1,M,2g,TAGTGTGTGGTCCTCTCGAG,,,,,CCAGTGCCCTGCCTAGCAGT,,,,,,,,,,,,,,
UCD,Group 5,CRL-UCD,CRL-UCD,Cas9,MBP10161-17,Wdfy3,M,2g,CTTTGAGAGACGTCACTCGG,,,,,AAATTCCGTGGGAGGGAGCC,,,,,,,,,,,,,,
UCD,Group 6,CRL-UCD,CRL-UCD,Cas9,MBP10163-15,Zranb3,M,2g,GCATAGTGCACAGCTCTGTT,,,,,AGCAGTATCACTACTCTGAC,,,,,,,,,,,,,,